<?xml version="1.0" encoding="utf-8"?>
<extension version="3.2" type="component" method="upgrade">
	<name>COM_NONUMBERMANAGER</name>
	<description>COM_NONUMBERMANAGER_DESC</description>
	<version>4.4.0</version>
	<creationDate>August 2014</creationDate>
	<author>NoNumber (Peter van Westen)</author>
	<authorEmail>peter@nonumber.nl</authorEmail>
	<authorUrl>http://www.nonumber.nl</authorUrl>
	<copyright>Copyright © 2014 NoNumber All Rights Reserved</copyright>
	<license>http://www.gnu.org/licenses/gpl-2.0.html GNU/GPL</license>

	<administration>
		<menu img="../media/nonumbermanager/images/icon_nonumbermanager.png">COM_NONUMBERMANAGER</menu>
	</administration>
</extension>
